,Simplified,Date,Pinyin_x,Meaning,HSK_x,Traditional,English,Example Pinyin,Character Phrase,Example Explanation
0,语言,2022 10 29,yǔyán,language,4,語言,language,bié shǐyòng zhèyàng de cūsú de yǔyán,,也就是说，不要使用这种粗俗的语言。
1,官方,2022 10 29,guānfāng,official,6,官方,"government, official (approved or issued by an authority)",zhè xiāoxi shì guānfāng fābù de ma,,也就是问，新闻是官方的吗？
2,反应,2022 10 29,fǎnyìng,reaction,5,反應,to react; response,tā de fǎnyìng shì bèidòng de,,His reaction was passive.
3,反应,2022 10 29,fǎnyìng,reaction,5,反應,"to respond, to react",wǒ gěi nǐ liǎng fēnzhōng de shíjiān zuòchū fǎnyìng,,也就是说，我给你两分钟时间回复。
4,反应,2022 7 22,fǎnyìng,reaction,5,反應,to react; response,tā de fǎnyìng shì bèidòng de,,His reaction was passive.
5,反应,2022 7 22,fǎnyìng,reaction,5,反應,"to respond, to react",wǒ gěi nǐ liǎng fēnzhōng de shíjiān zuòchū fǎnyìng,,也就是说，我给你两分钟时间回复。
6,方言,2022 10 29,fāngyán,dialect,6,方言,dialect,,,
7,方言,2022 10 29,fāngyán,dialect,6,方言,dialect,tā shuō de shì yīzhǒng wúfǎ tīngdedǒng de fāngyán,,也就是说，他说的是一种听不懂的白话。
8,勉强,2022 10 29,miǎnqiáng,reluctantly,6,勉強,"to do with difficulty, to force sb to do sth, reluctant, barely enough",tāmen miǎnqiǎng tóngyì le wǒmen de tíyì,,也就是说，他们默许了我们的建议。
9,直接,2022 10 29,zhíjiē,direct,4,直接,"direct, straight",zhè suǒ dàxué yóu shěng zhíjiē guǎn,,也就是说，这所大学是该省的直属大学。
10,典型,2022 10 29,diǎnxíng,typical,6,典型,"model, typical case, archetype, typical, representative",jīnwǎn wǒ zuò le diǎnxíng de Yīngguó cài,,也就是说，今天晚上我做了一道典型的英国菜。
11,典型,2022 10 9,diǎnxíng,typical,6,典型,"model, typical case, archetype, typical, representative",jīnwǎn wǒ zuò le diǎnxíng de Yīngguó cài,,也就是说，今天晚上我做了一道典型的英国菜。
12,打交道,2022 10 29,dǎjiāodào,Deal,5,打交道,to make contact with,bùyào hé nàgèrén dǎjiāodào,,也就是说，别跟那个家伙打交道。
13,打交道,2022 6 29,dǎjiāodào,Deal,5,打交道,to make contact with,bùyào hé nàgèrén dǎjiāodào,,也就是说，别跟那个家伙打交道。
14,外向,2022 10 29,wàixiàng,Exterior,6,外向,"extroverted (personality), (economics etc) export-oriented",nǐ gèxìng nèixiàng háishi wàixiàng,,也就是问，你是内向的还是外向的？
15,观点,2022 10 29,guāndiǎn,View,5,觀點,"idea, opinion",wǒ jiàn guò xǔduō hé nǐ guāndiǎn yīzhì de rén,,也就是说，我见过许多人同意你的观点。
16,成绩,2022 10 29,chéngjī,score,3,成績,grade (academic performance),wǒ bēitàn zìjǐ de làn chéngjì,,也就是说，我为我的不好成绩而悲伤。
17,表达,2022 10 29,biǎodá,Express,5,表達,"to express, to voice",wǒ de yōushāng wúfǎ yòng yǔyán biǎodá,,也就是说，没有言语能表达我的悲伤。
18,证据,2022 10 29,zhèngjù,evidence,5,證據,"proof, evidence",tā duì cǐ yǒu jìnyībù de zhèngjù,,也就是说，他有进一步的证据。
19,航空,2022 10 15,hángkōng,aviation,6,航空,aviation,dǎodàn shì cóng hángkōngmǔjiàn shàng fāshè de,,The missile was launched from the aircraft carrier.
20,产业,2022 10 15,chǎnyè,industry,6,產業,"industry, estate, property, industrial",tā jìchéng le yī fèn chǎnyè,,也就是说，她继承了遗产。
21,领导,2022 10 15,lǐngdǎo,lead,5,領導,leader,tā shì wǒmen de zhòngyào lǐngdǎorén,,也就是说，他是我们最重要的领导人。
22,证书,2022 10 15,zhèngshū,Certificate,6,證書,"credentials, certificate",shānghán miǎnyì zhèngshū,,也就是“斑疹伤寒免疫证书”。
23,风格,2022 10 15,fēnggé,style,5,風格,"style, manner",wǒ xǐhuan de shì tā de fēnggé,,也就是说，我喜欢她的风格。
24,属于,2022 10 15,shǔyú,belong,5,屬於,to belong to,wǒ bù shǔyú zhèlǐ,,I don't belong here.
25,首都,2022 10 15,shǒudū,capital,4,首都,capital (of a country),shǒudū wèiyú hépàn,,也就是说，首都位于河边。
26,新闻,2022 10 15,xīnwén,news,3,新聞,news,tóubǎn xīnwén,,也就是“首页新闻”。
27,舅舅,2022 10 9,jìujìu,uncle,5,舅舅,"uncle, mother’s brother",wǒ jiùjiu de jiǔliàng hěn dà,,也就是说，我叔叔喝了很多酒。
28,硕士,2022 10 9,shuòshì,master,4,碩士,holder of master’s degree,shuòshì lùnwén,,也就是“权威论文”。
29,校长,2022 10 9,xiàocháng,headmaster,3,校長,"school principal, headmaster",xiàozhǎng xuāndú yōuxiù shēng míngdān,,也就是说，校长宣读了荣誉名单。
30,症状,2022 10 9,zhèngzhuàng,symptom,6,症狀,symptom (of an illness),zhèzhǒng zhèngzhuàng yǒukěnéng fùfā,,也就是说，症状往往会复发。
31,症状,2022 7 15,zhèngzhuàng,symptom,6,症狀,symptom (of an illness),zhèzhǒng zhèngzhuàng yǒukěnéng fùfā,,也就是说，症状往往会复发。
32,症状,2022 6 29,zhèngzhuàng,symptom,6,症狀,symptom (of an illness),zhèzhǒng zhèngzhuàng yǒukěnéng fùfā,,也就是说，症状往往会复发。
33,退步,2022 10 9,tùibù,Retreat,5,退步,to regress,tā sīxiǎng tuìbù le,,也就是说，他在思想上退缩了。
34,馅儿,2022 10 9,xiànér,stuffing,6,餡兒,"filling, stuffing",wǒ xǐhuan niúròu xiànr de Mòxīgē juǎnbǐng,,也就是说，我喜欢牛肉馅的玉米煎饼。
35,月饼,2022 10 9,yuèbǐng,moon cake,outside,月餅,mooncake (esp. for the Mid-Autumn Festival),,,
36,过期,2022 10 9,guòqī,Expired,5,過期,overdue,guòqī de zhàngdān,,也就是“逾期的比尔”。
37,报告,2022 9 2,bàogào,Report,5,報告,report,zài tǎolùn hòu nà bàogào dé dàoliǎo fābiǎo,,也就是说，经过讨论，报告发表了。
38,未来,2022 9 2,wèilái,future,5,未來,future,tā duì wèilái chōngmǎn xìnxīn,,He felt confident in the future.
39,区别,2022 9 2,qūbié,the difference,4,區別,"difference , distinction",tā xiǎnrán fēnbiàn bù chū Yìndù qǔzi hé juéshìyuè de qūbié,,意思是说，很明显，它分不清印度音乐和爵士乐的区别！
40,汇率,2022 9 1,hùilv̀,exchange rate,5,匯率,exchange rate,jīnrì huìlǜ rúhé,,也就是问，今天的兑换是什么？
41,汇率,2022 7 13,hùilv̀,exchange rate,5,匯率,exchange rate,jīnrì huìlǜ rúhé,,也就是问，今天的兑换是什么？
42,粗糙,2022 8 31,cūcāo,Rough,5,粗糙,"rough, crude",zhè běn shū yòng cūcāo de huáng zhǐ yìnshuā,,也就是说，这本书是用粗糙的黄纸印刷的。
43,拥挤,2022 8 31,yǒngjǐ,Crowded,5,擁擠,"crowded, congested",wǒ yīn jiāotōngyōngjǐ ér chídào,,也就是说，因为交通拥挤，我迟到了。
44,行李箱,2022 8 31,xínglǐxiāng,suitcase,3,行李箱,luggage,qǐng nǐ bǎ xínglixiāng dǎkāi,,也就是说，我帮你托运行李。
45,记录,2022 8 31,jìlù,Record,5,記錄,"record, note; to record",tā de fāyán wǒ dōu jìlù xiàlai le,,也就是说，我记下了他说的话。
46,记录,2022 8 31,jìlù,Record,5,記錄,"record, note; to record, to note down",tāmen jiào wǒ zài huìyì shàng zuò jìlù,,也就是说，有人叫我把会议记录保留下来。
47,保养,2022 8 31,bǎoyǎng,maintainance,6,保養,"to take good care of, to maintain",,,
48,保养,2022 8 31,bǎoyǎng,maintainance,6,保養,to take good care of (or conserve) one's health,hǎohǎo bǎoyǎng nǐ de shēntǐ,,也就是说，好好照顾你的健康。
49,误解,2022 8 24,wùjiě,misunderstanding,6,誤解,"to misunderstand, to misread, misunderstanding",wùjiě le tā,,也就是“误会他”。
50,假设,2022 8 24,jiǎshè,Assume,5,假設,"to suppose, to assume",jiǎshè wǒmen zài yī sōu zhuàng dào bīngshān de chuán shàng,,也就是说，假设我们在一艘撞上冰山的船上。
51,假设,2022 6 23,jiǎshè,Assume,5,假設,"to suppose, to assume",jiǎshè wǒmen zài yī sōu zhuàng dào bīngshān de chuán shàng,,也就是说，假设我们在一艘撞上冰山的船上。
52,间接,2022 8 24,jiānjiē,indirect,6,間接,indirect,tā duì jiànjiē de xiāoxi bù gǎnxìngqù,,也就是说，他对二手资料不感兴趣。
53,教训,2022 8 24,jiàoxùn,lesson,5,教訓,"lesson, moral",nàshi yī gè cǎntòng de jiàoxun,,也就是说，这是一个残酷的教训。
54,工资,2022 8 24,gōngzī,salary,4,工資,salary,nǐ kěyǐ yòng wǒ de gōngzī zhīfù,,也就是说，你可以从我的工资中扣除。
55,信息,2022 8 24,xìnxī,information,4,信息,"news, information",rènhé xìnxī dōu kěyǐ dìyīshíjiān huòdé,,也就是说，任何信息都可以尽早获得。
56,细节,2022 8 24,xìjié,detail,5,細節,detail,zhídào wǒ liǎojiě gèng duō xìjié wǒ cáinéng juédìng,,也就是说，直到我知道更多的细节，我才能最终解决。
57,案件,2022 8 24,ànjiàn,case,6,案件,"case, instance",zhège ànjiàn míngtiān jiāng kāitíng shěnlǐ,,也就是说，这个案子明天开庭审理。
58,怀疑,2022 8 24,huáiyí,Suspect,4,懷疑,to suspect,tā kànshangqu hěn qióng kěshì wǒ huáiyí tā hěn yǒuqián,,也就是说，他看起来很穷，但我怀疑他有很多钱。
59,批发,2022 8 24,pīfā,wholesale,6,批發,"wholesale, bulk trade, distribution",zhèzhǒng xié pīfā chūshòu tōngcháng yào piányi dé duō,,也就是说，这种鞋通常批发价要低得多。
60,兼职,2022 8 18,jiānzhí,part time,5,兼職,part-time job,wǒ yào qù cānjiā jiānzhí gōngzuò de miànshì,,也就是“我有个兼职面试。”
61,兼职,2022 6 22,jiānzhí,part time,5,兼職,part-time job,wǒ yào qù cānjiā jiānzhí gōngzuò de miànshì,,也就是“我有个兼职面试。”
62,决定,2022 8 18,juédìng,Decide,3,決定,to decide,tā juédìng dào hǎiwài liúxué,,也就是说，他决心出国学习。
63,古董,2022 8 18,gǔdǒng,antique,6,古董,"curio, antique",nà jià féngrènjī zhēnshi yī jiàn lǎo gǔdǒng le,,也就是说，这台缝纫机真是老手。
64,轮船,2022 7 28,lúnchuán,Ship,6,輪船,"steamship, steamer, ocean liner, ship",lúnchuán shǐ xiàng gōnghǎi,,也就是说，这艘船驶向公海。
65,开发,2022 7 28,kāifā,Develop,5,開發,"to develop, to exploit",wǒmen tōngguò xuéxí kāifā zhìlì,,也就是说，我们通过学习来发展我们的智力。
66,开发,2022 6 10,kāifā,Develop,5,開發,"to develop, to exploit",wǒmen tōngguò xuéxí kāifā zhìlì,,也就是说，我们通过学习来发展我们的智力。
67,展示,2022 7 28,zhǎnshì,exhibit,6,展示,"to reveal, to display, to show, to exhibit sth",zhìzàoshāng xiàng qiánzài kèhù men zhǎnshì le xīn shēngchǎnxiàn,,也就是说，制造商向可能的客户介绍了他的新产品线。
68,临时,2022 7 28,línshí,temporary,5,臨時,for a short time; temporary,tā tì rén zuò línshígōng,,也就是说，他为人们做零工。
69,声调,2022 7 27,shēngdiào,tone,5,聲調,tone,tā de shēngdiào hěn dànmò,,也就是说，他的语气很随意。
70,处理,2022 7 27,chùlǐ,deal with,5,處理,"to handle, to deal with, to process",qǐng shènzhòng chǔlǐ cǐ shì,,也就是说，请谨慎地把这件事办好。
71,淡,2022 7 22,dàn,light,5,淡,bland,wǒ bǐjiàoxǐhuān dàn yīdiǎn de,,也就是说，我更喜欢比较弱的。
72,毒品,2022 7 22,dúpǐn,poison,6,毒品,"drugs, narcotics, poison",jǐngchá sōubǔ shí fāxiàn le dúpǐn,,也就是说，警察在抓紧时发现了毒品。
73,执照,2022 7 22,zhízhào,license,5,執照,license,zhè zhāng zhízhào bùzài yǒuxiào,,也就是说，此许可证不再有效。
74,成本,2022 7 22,chéngběn,cost,6,成本,"(manufacturing, production etc) costs",xuānbù kāizhǎn jiàngdī chéngběn de jìngsài,,也就是说，宣布了降低成本的努力。
75,成本,2022 7 14,chéngběn,cost,6,成本,"(manufacturing, production etc) costs",xuānbù kāizhǎn jiàngdī chéngběn de jìngsài,,也就是说，宣布了降低成本的努力。
76,浪费,2022 7 22,làngfèi,waste,4,浪費,to waste,bié làngfèi shíjiān le jìxù xiě ba,,也就是说，不要浪费时间！继续写作。
77,效果,2022 7 22,xiàoguǒ,Effect,4,效果,effect,yīshēng kāi de nà yào méiyǒu xiàoguǒ,,也就是说，这处方药没有起效。
78,结束,2022 7 15,jiéshù,Finish,3,結束,"to end, to finish",tāmen cōngcōng jiéshù le biànlùn,,也就是说，他们匆忙结束了辩论。
79,签证,2022 7 15,qiānzhèng,visa,4,簽證,visa,tā yǐ shēnqǐng rùjìngqiānzhèng,,也就是说，他申请了入境签证。
80,志愿者,2022 7 15,zhìyuànzhě,volunteer,5,志願者,volunteer,wǒmen de zhìyuànzhě zhǔnbèihǎole ma,,也就是问，我的志愿者准备好了吗？
81,批准,2022 7 15,pīzhǔn,approve,5,批准,to approve,tāmen bùhuì pīzhǔn zhège jìhuà,,They will not approve this plan.
82,过去,2022 7 15,guòqù,past,3,過去,the past,tā fǎnxǐng guòqu de cuòwù,,也就是说，他回顾了自己过去的错误。
83,预测,2022 7 15,yùcè,predict,outside,預測,"to forecast, to predict",,,
84,普及,2022 7 15,pǔjí,universal,6,普及,"popular, to popularize, universal, ubiquitous, pervasive",guǎng wéi pǔjí de xìnyǎng,,也就是“广泛传播的信仰”。
85,放心,2022 7 15,fàngxīn,rest assured,3,放心,to rest assured,nín fàngxīn,,也就是说，你不用担心。
86,决策,2022 7 15,juécè,decision making,6,決策,"strategic decision, decision-making, policy decision",zài wǒ jiā wǒ shì lǎobǎn wǒ tàitai zhǐshì yī gè juécèzhě,,也就是说，在我家里，我是老板，我妻子只是决策者。
87,风险,2022 7 15,fēngxiǎn,risk,5,風險,risk,ānzhuāng kěkào de bàojǐng shèbèi yǐ jiǎndī bèi dào de fēngxiǎn,,也就是说，为了将入室盗窃的风险降到最低，安装一个良好的报警系统。
88,风险,2022 7 13,fēngxiǎn,risk,5,風險,risk,ānzhuāng kěkào de bàojǐng shèbèi yǐ jiǎndī bèi dào de fēngxiǎn,,也就是说，为了将入室盗窃的风险降到最低，安装一个良好的报警系统。
89,继续,2022 7 15,jìxù,continue,4,繼續,"to go on, to continue",qǐng jìxù jiǎng gùshi ba,,也就是说，请继续讲你的故事。
90,小说,2022 7 15,xiǎoshuō,novel,4,小說,"novel, fiction",nà běn xiǎoshuō nǐ huángěi túshūguǎn le ma,,也就是问，你把小说还给图书馆了吗？
91,调料,2022 7 14,diàoliào,seasoning,6,調料,"condiment, seasoning, flavoring",bǎ tiáoliào dǎo zài miàntiáo shàng,,也就是说，把调味汁倒在意大利面上。
92,原料,2022 7 14,yuánliào,raw material,5,原料,raw material,zhèzhǒng yuánliào yìyú jiāgōng,,也就是说，这种材料容易加工。
93,锅,2022 7 14,guō,pot,5,鍋,"pot, pan",wǒ bǎ tǔdòu fàng dào guō lǐ zhǔ,,也就是说，我把土豆放进锅里煮了。
94,海拔,2022 7 14,hǎibá,altitude,6,海拔,"height above sea level, elevation",zhè cūnzi hǎibá1000 mǐ,,也就是说，这个村庄海拔1000米。
95,漫画,2022 7 14,mànhuà,comics,6,漫畫,"caricature, cartoon, Japanese manga",tā duì mànhuà shū zhe le mí,,也就是说，他对漫画一窍不通。
96,设备,2022 7 13,shèbèi,equipment,5,設備,"(referring to a container in this text) equipment, device",zhè tào shèbèi kě tóurù yùnzhuǎn le ma,,也就是问，设备运行了吗？
97,优点,2022 7 13,yōudiǎn,advantage,4,優點,"merit, good points",tā duì zìjǐ de yōudiǎn hěn qiānxū,,也就是说，他对自己的功绩谦虚。
98,动力,2022 7 13,dònglì,power,6,動力,"power, motion, propulsion, force",huǒchē de dònglì tōngcháng shì zhēngqì huò diàn,,The motive power of trains is usually steam or electricity.
99,行为,2022 7 13,xíngwèi,Behavior,5,行為,behavior,nǐmen de xíngwéi wéibèi le xiéyì,,也就是说，你的行为违反了协议。
100,模仿,2022 7 13,mófǎng,imitate,5,模仿,"to imitate, to model on",mófǎng niǎor,,也就是“模仿鸟”。
101,遵守,2022 7 13,zūnshǒu,obey,5,遵守,"to abide by, to observe",tā dāying zūnshǒu fǎyuàn de cáijué,,也就是说，他承诺遵守法院的判决。
102,违反,2022 7 13,wéifǎn,violation,5,違反,"to violate, to go against",wéifǎn guīzé,,也就是“不遵守规则”。
103,原则,2022 7 13,yuánzé,in principle,5,原則,"principle, tenet",biéguǎn shì shéi yīlǜ àn yuánzé bànshì,,也就是说，不管是谁，我们都要按原则办事。
104,执行,2022 7 13,zhíxíng,implement,6,執行,"to implement, to carry out, to execute, to run",yúshì tā jiù zhíxíng guówáng de zhíwù le,,也就是说，然后他开始履行国王的职责。
105,稳定,2022 7 13,wěndìng,Stablize,5,穩定,stable,wěndìng de zhèngfǔ duì jīngjìzēngzhǎng shì zhòngyào de,,也就是说，稳定的政府对经济增长至关重要。
106,股票,2022 7 13,gǔpiào,stock,5,股票,"stock, shares",gǔpiàoshìchǎng jiàgé zhǎng le liǎng diǎn,,也就是说，证券交易所的价格上涨了两个百分点。
107,储蓄,2022 7 13,chǔxù,Savings,6,儲蓄,"to deposit money, to save, savings",chǔxù cúnkuǎn de lìlǜ shì4%,,The interest rate for the savings account is 4%.
108,行业,2022 7 13,xíngyè,industry,5,行業,"trade, profession, industry",zài fúzhuāng màoyì hángyè tā hěn yǒumíng qì,,也就是说，她在服装行业很有名气。
109,模型,2022 7 13,móxíng,Model,6,模型,"model, mold, matrix, pattern",móxíng zài shèjì、 kāifā hé kēxué zhōng guǎngfàn shǐyòng,,也就是说，模型广泛应用于设计、开发和科学领域。
110,基金,2022 7 13,jījīn,fund,6,基金,fund,tā rèn juān5 bàng zuòwéi shuǐzāi jiùjì jījīn,,也就是说，他认购了5英镑的防洪基金。
111,政策,2022 7 13,zhèngcè,policy,6,政策,policy,tā nǔlì biàngé Měiguó de wàijiāozhèngcè,,也就是说，他为美国外交政策的革命而奋斗。
112,利息,2022 7 13,lìxī,Interest,5,利息,interest,lìxī zhúyuè zìrán zēngjiā,,也就是说，几个月来的利息。
113,策略,2022 7 5,cèlvè,Strategy,6,策略,"tactics, to be tactful",zhè fèn tōngzhī cuòcí bù tài cèlüè,,也就是说，这个建议措辞不得体。
114,市场,2022 7 5,shìcháng,market,5,市場,market,fánmáng xuānnào de shìchǎng,,也就是“繁忙嘈杂的市场”。
115,任务,2022 7 5,rènwù,Task,4,任務,"task, mission",tāmen chénggōng dì wánchéng le rènwu,,They have accomplished their mission successfully.
116,严格,2022 7 5,yángé,strict,4,嚴格,"strict, rigorous",tā huì yángé'ànzhào yāoqiú qù zuò,,也就是说，严格按照要求进行。
117,辩护,2022 7 5,biànhù,defend,6,辯護,"to speak in defense of, to argue in favor of, to defend, to plead",tā jìn quánlì wéi bèigào biànhù,,也就是说，他尽力为被告辩护。
118,保守,2022 7 5,bǎoshǒu,keep,6,保守,conservative,wěiyuánhuì yǒu yīzhǒng bǎoshǒu de piānjiàn,,也就是说，委员会有保守的偏见。
119,着急,2022 6 29,zháojí,in a hurry,3,著急,anxious,bùyào zháojí mànmànlái,,也就是说，别担心，慢慢来。
120,担心,2022 6 29,dànxīn,Worry,3,擔心,to worry,méiyǒushénme hǎo dānxīn de,,也就是说，你放心好了。
121,讨好,2022 6 29,tǎohǎo,Please,6,討好,"to get the desired outcome, to win favor by fawning on sb",tā cóngbù qù tǎohǎo shàngsi,,也就是说，他从不试图讨好那些胜过他的人。
122,状态,2022 6 29,zhuàngtài,state,5,狀態,"state, status",tā yǐ niánmài chǔyú bàn tuìxiū zhuàngtài,,也就是说，他现在是个半退休的老人。
123,质量,2022 6 29,zhíliàng,quality,4,質量,quality,jīng jiǎnchá chǎnpǐn zhìliàng hégé,,也就是说，检查确认产品质量符合规格。
124,数量,2022 6 29,shùliàng,quantity,4,數量,"quantity, amount",zhìliàng wǎngwǎng bǐ shùliàng gèng zhòngyào,,也就是说，质量往往比数量重要。
125,经验,2022 6 29,jīngyàn,experience,4,經驗,experience,jīlěi（ huòdé） jīngyàn,,
126,经验,2022 6 22,jīngyàn,experience,4,經驗,experience,jīlěi（ huòdé） jīngyàn,,
127,分辨,2022 6 29,fēnbiàn,Distinguish,6,分辨,"to distinguish, to differentiate ",,,
128,分辨,2022 6 29,fēnbiàn,Distinguish,6,分辨,"to distinguish, to differentiate, to resolve",wǒ hěn nán fēnbiàn zhè duì shuāngbāotāi,,也就是说，我分不清这对双胞胎。
129,谦虚,2022 6 29,qiānxū,modesty,5,謙虛,modest,tā duì zìjǐ de chéngjiù hěn qiānxū,,也就是说，她对自己的成功很谦虚。
130,积极,2022 6 29,jījí,positive,4,積極,"positive, proactive",xuésheng men jījí huídá lǎoshī de wèntí,,也就是说，学生们热切地回答老师的问题。
131,责备,2022 6 29,zébèi,blame,5,責備,"to blame, to reproach",tā wúkě zébèi,,也就是说，他没有责任。
132,力量,2022 6 29,lìliàng,strength,5,力量,"strength, capability",rénrén xiǎng bànfǎ gègè chū lìliang,,也就是说，每个人都贡献他的思想和力量。
133,真相,2022 6 29,zhēnxiāng,the truth,6,真相,"truth, fact",,,
134,真相,2022 6 29,zhēnxiāng,the truth,6,真相,"the truth about sth, the actual facts",dāngjú xiǎngyào yǎngài zhēnxiàng,,也就是说，当局试图隐瞒真相。
135,诚实,2022 6 29,chéngshí,honest,4,誠實,honest,chéngshí de rén jué bùhuì shīyuē,,也就是说，诚实的人永远不会违背他的约定。
136,陷阱,2022 6 29,xiànjǐng,trap,6,陷阱,"pitfall, snare, trap",yǐ xiànjǐng bǔ tù,,也就是“用陷阱诱捕兔子”。
137,过滤,2022 6 23,guòlv̀,filter,6,過濾,"to filter, filter",guòlǜ wǎng kě cún zhù kōngqì zhòngdì chén'āi,,也就是说，过滤器将空气中的灰尘过滤掉。
138,分享,2022 6 23,fēnxiǎng,share,outside,分享,to share (good things such as joy and rights),,,
139,重复,2022 6 23,zhòngfù,repeat,5,重復,to repeat,lǎoshī yào tā chóngfù tā suǒ jiǎng dehuà,,也就是说，老师让他重复他说的话。
140,任意,2022 6 23,rènyì,Arbitrarily,6,任意,"arbitrary, at will, at random",tā zài wénzhāng zhōng rènyì cuàngǎi shìshí,,也就是说，在他的文章中，他大胆地说出了事实。
141,另外,2022 6 23,lìngwài,in addition,4,另外,"besides, in addition",lìngwài zhè shì chún yángmáo de shǒugǎn róuhé,,也就是说，另外，它是纯羊毛做的，非常柔软。
142,裁员,2022 6 22,cáiyuán,Lay off,6,裁員,"to cut staff, to lay off employees",gōngsī zhèngzài cáiyuán,,The company is laying off people.
143,解雇,2022 6 22,jiěgù,Dismiss,6,解雇,to fire someone from a job,jiěgù xǔduō gōngrén,,也就是“使许多工人失业”。
144,供给,2022 6 22,gōnggěi,supply,6,供給,"to furnish, to provide, supply (as in supply and demand)",wǒmen bìxū zhǔnbèi hǎo shíwù de gōngjǐ,,也就是说，我必须储备食物。
145,需求,2022 6 22,xūqíu,need,6,需求,"requirement, (economics) demand",mǎnzú xiāofèizhě de xūqiú,,也就是“满足消费者需求”。
146,展览,2022 6 22,zhǎnlǎn,exhibition,5,展覽,"put on display, exhibit ",màoyì zhǎnlǎn,,也就是“贸易展览会”。
147,经历,2022 6 22,jīnglì,experience,4,經歷,"to go through, to experience",jīnglì liǎng gè jiēduàn,,
148,惊讶,2022 6 22,liángyà,surprise,6,驚訝,"amazed, astonished, to surprise, amazing, astonishment, awe",tā cízhí de shì dàjiā dōu gǎndào jīngyà,,也就是说，她的辞职令人吃惊。
149,理论,2022 6 22,lǐlùn,theory,5,理論,theory ,bìxū zhùzhòng lǐlùn liánxì shíjì,,也就是说，必须重视理论联系实际。
150,沟通,2022 6 22,gōutōng,communicate,5,溝通,communicate,wǒmen yào jíshí gōutōng sīxiǎng,,也就是说，我们应该毫不拖延地互相沟通。
151,产生,2022 6 17,chǎnshēng,produce,5,產生,to emerge,guǎnlǐ bùmén de biàndòng huì chǎnshēng yīliánchuàn de wèntí,,也就是说，管理层的变动会带来很多问题。
152,指标,2022 6 17,zhǐbiāo,index,6,指標,"target, quota, index, indicator, sign, signpost, (computing) pointer",wánchéng shēngchǎn zhǐbiāo bùchéng wèntí,,也就是说，我们一定会完成定额的。
153,耐心,2022 6 17,nàixīn,patience,4,耐心,patience,tā nàixīn děngdài,,也就是说，他不着急。
154,观察,2022 6 17,guānchá,Observed,5,觀察,"to observe, to watch",tā shì gè guānchálì jí chà de rén,,也就是说，他是个观察力很弱的人。
155,通常,2022 6 17,tōngcháng,usually,5,通常,usually,wǎnshang wǒ tōngcháng zài jiā,,也就是说，我通常晚上在家。
156,平常,2022 6 17,píngcháng,usually,5,平常,"common, ordinary; mediocrity",zhèlǐ bái dùjuānhuā hěn píngcháng,,也就是说，白石南花在这里和泥土一样常见。
157,信号,2022 6 17,xìnhào,Signal,5,信號,signal,hóngdēng shì wēixiǎn xìnhào,,The red light is a dangerous signal.
158,集中,2022 6 17,jízhōng,concentrated,5,集中,"to concentrate, to focus; concentrated",gōngchǎng dōu jízhōng zài chéngshì de nán jiāo,,也就是说，工厂集中在城市的南郊。
159,失眠,2022 6 15,shīmián,Insomnia,5,失眠,to suffer from insomnia ,tā huàn shīmián zhèng měi wǎn zhǐ shuì liǎng sān gè xiǎoshí,,也就是说，她失眠，每晚只睡两三个小时。
160,青少年,2022 6 15,qīngshǎonián,teenager,5,青少年,"youngster, teenagers",liáotiān diànhuàxiàn de zhǔyào gùkè shì qīngshàonián,,也就是说，聊天线路是针对青少年的。
161,导航,2022 6 15,dǎoháng,navigation,6,導航,navigation,hángtú shì zhuānmén yòngyú dǎoháng de yīzhǒng dìtú,,也就是说，海图是专门为导航而调整的地图。
162,创业,2022 6 15,chuàngyè,Entrepreneurship,6,創業,"to begin an undertaking, to start a major task, to initiate",tā yòng fángchǎn yā kuǎn chuàngyè,,也就是说，他把房子抵押以创业。
163,过程,2022 6 15,guòchéng,process,4,過程,"course, process",wǒmen yīnggāi bǎ zhùyìlì fàng zài zuò shìqing de guòchéng shàng,,也就是说，我们应该把精力集中在做事的过程上。
164,解决,2022 6 15,jiějué,solve,3,解決,to solve,tā yùnyòng zhìhuì jiějué le zhè yī wèntí,,也就是说，她运用自己的智慧来解决这个问题。
165,年代,2022 6 10,niándài,Era,5,年代,decade of a century,Měiguó nánběi zhànzhēng niándài,,也就是“内战时期”。
166,后,2022 6 10,hòu,back,1,後,"after, afterwards, later",zuòwán zuòyè hòu tā kāishǐ kàn diànshì,,也就是说，完成学业后，她开始看电视。
167,工程师,2022 6 10,gōngchéngshī,engineer,5,工程師,engineer ,tā hǎoxiàng juéxīn yào zuò gōngchéngshī,,也就是说，他似乎一心想成为一名工程师。
168,歧视,2022 6 10,qíshì,discriminate,6,歧視,discrimination,fǎlǜ juébù qíshì qióngrén ér piāntǎn fùrén,,也就是说，法律不歧视穷人，也不偏袒富人。
169,天赋,2022 6 10,tiānfù,talent,6,天賦,"talent, gift, innate skill",tā yǒu zuò shī de tiānfù,,也就是说，他很善于写诗歌。
170,职位,2022 6 10,zhíwèi,Position,6,職位,"position, post",,,
171,职位,2022 6 10,zhíwèi,Position,6,職位,"post, office, position",tā yǐ cíqù dàchén zhíwèi,,也就是“她已辞去政府职务。”
172,收入,2022 6 10,shōurù,income,4,收入,income,tā de shōurù yǔ zhīchū bù xiāngchèn,,也就是说，她的开支与她的收入不相称。
173,移民,2022 6 10,yímín,migrant,5,移民,immigrant,wǒ xiǎng ná yī fèn shēnqǐng yímín qiānzhèng de biǎogé,,也就是说，我想要一张移民签证表。
174,土地,2022 6 10,tǔdì,land,5,土地,land (property),wǒ de tǔdì yǔ nǐ de tǔdì jiē jiè,,也就是说，我的土地与你的接壤。
175,发展,2022 6 10,fāzhǎn,develop,4,發展,"to develop, to promote",shōurù hé jiānglái de fāzhǎn nǎge gèng zhòngyào,,"Which is more important, income or future development?"
176,往往,2022 6 8,wǎngwǎng,often,4,往往,"often, usually",niǎolèi de dòuzhēng wǎngwǎng bǐjiào hépíng,,也就是说，在鸟类中，比赛往往是一种更和平的性质。
177,具备,2022 6 8,jùbèi,have,5,具備,"to have, to possess",nǐ yǒu méiyǒu zuò zhèzhǒng gōngzuò bìxū jùbèi de nàixīn,,也就是问，你对这项工作有必要的耐心吗？
178,讲究,2022 6 8,jiǎngjīu,Extension,5,講究,"to be particular about, to stress; exquisite",nǐ bùgāi duì chuānzhuó zhème jiǎngjiu,,也就是说，你不应该对自己的穿着如此挑剔。
179,长辈,2022 6 8,chángbèi,elder,5,長輩,senior member of a family,wǒmen zūnjìng zhǎngbèi,,也就是说，我们尊重长辈。
180,动作,2022 6 1,dòngzuò,action,4,動作,"action, movement",wǒ juéde chōuyān zhège dòngzuò kànqǐlái hěn shuài,,也就是说，我觉得抽烟的样子很帅。
181,米,2022 6 1,mǐ,Meter,3,米,meter,,,
182,米,2022 6 1,mǐ,Meter,3,米,metre,wǒ néng tiào 6 mǐ duō,,也就是说，我能跳6米以上。
183,弱,2022 6 1,ruò,weak,5,弱,weak,tā niánjì hěn lǎo yīn'ér shēntǐ hěn ruò,,也就是说，他很老，因此很虚弱。
184,天生,2022 6 1,tiānshēng,Born,6,天生,"nature, disposition, innate, natural",niǎo tiānshēng jiù huì fēi,,也就是说，鸟生下来就会飞了。
185,部位,2022 6 1,bùwèi,Site,6,部位,"position, place",nǎge bùwèi zuì tòng？,,也就是问，哪个地方最疼？
